username,password
pcao,$2b$12$uR.8yZtnsLwTBbYLTbviveM50ykLXGrOGIAApzzOu0jcQKeqT4Yc.
pppp,$2b$12$NDmfiW54mWUr/vts.PHLle2RGzalrpk9ixE9xP5rGtVnDDhJBiZcG
1,$2b$12$RuQH7Z8EhJCKvtLq5/tqye6eGEFPr.yOPcT2QMUozAHIng4zdURT6
3,$2b$12$VbRwDDuEFQ8emQ//pQC5Aub0Y4iKDM57Pr2fErhidRRCYCuDepICu
soifslaj,$2b$12$CEMxfZ.jzreYfEBFjW49JuVXIsIcYBCvisB4.fb2yPgtXAClVSU3G
5,$2b$12$qIvBVbPvadJrKSBYIyfOD.mfYqBl4.Qf9Acf6CTTDLPAUcgLEknF6
hahah,$2b$12$.tiMvtWNSrEmCmO5dS3Fced.EwDg1pln0Ui9/r3hWYL3odlcvQaHq
7,$2b$12$pAjDnDeEJ3yizkDo2zyKkOUKulrlOFiIO./vzsdS5IF3hs4PCKrru
lll,$2b$12$5YXqEGxn26V8tXH12U7dvOxQe0RI7ogUav0FQWectNz/OY7qLrQOy
9,$2b$12$wUl8Y6.GlQK29IK7CxtlRe.9aEdDDmGoxyklu39yRGP92aY7pfb.i
ddd,$2b$12$i/Zwa3cp9jg4.GbJcbFaF.5sdxTfwt0YJINjAanO2Sn1sqfFBKpHu
